slug,status,ref_count,sample_files,url,title
advertising-anuncios,NO_ACCESS_OR_MISSING,2,includes/modules/advertising/class-advertising-module.php|includes/modules/advertising/class-advertising-module.php,http://localhost:10028/wp-admin/admin.php?page=advertising-anuncios,WordPress &rsaquo; Error
advertising-dashboard,NO_ACCESS_OR_MISSING,1,includes/modules/advertising/class-advertising-module.php,http://localhost:10028/wp-admin/admin.php?page=advertising-dashboard,WordPress &rsaquo; Error
avisos-activos,AUTH_REQUIRED,1,includes/modules/avisos-municipales/class-avisos-municipales-module.php,http://localhost:10028/wp-admin/admin.php?page=avisos-activos,Avisos Activos &lsaquo; sitio prueba &#8212; WordPress
avisos-municipales-nuevo,NO_ACCESS_OR_MISSING,2,includes/modules/avisos-municipales/class-avisos-municipales-module.php|includes/modules/avisos-municipales/class-avisos-municipales-module.php,http://localhost:10028/wp-admin/admin.php?page=avisos-municipales-nuevo,WordPress &rsaquo; Error
avisos-nuevo,AUTH_REQUIRED,2,includes/modules/avisos-municipales/class-avisos-municipales-module.php|includes/modules/avisos-municipales/class-avisos-municipales-module.php,http://localhost:10028/wp-admin/admin.php?page=avisos-nuevo,Nuevo Aviso &lsaquo; sitio prueba &#8212; WordPress
ayuda-vecinal-solicitudes,AUTH_REQUIRED,1,includes/modules/ayuda-vecinal/class-ayuda-vecinal-module.php,http://localhost:10028/wp-admin/admin.php?page=ayuda-vecinal-solicitudes,Solicitudes &lsaquo; sitio prueba &#8212; WordPress
ayuda-vecinal-voluntarios,AUTH_REQUIRED,1,includes/modules/ayuda-vecinal/class-ayuda-vecinal-module.php,http://localhost:10028/wp-admin/admin.php?page=ayuda-vecinal-voluntarios,Voluntarios &lsaquo; sitio prueba &#8212; WordPress
banco-tiempo-intercambios,AUTH_REQUIRED,1,includes/modules/banco-tiempo/class-banco-tiempo-module.php,http://localhost:10028/wp-admin/admin.php?page=banco-tiempo-intercambios,Intercambios &lsaquo; sitio prueba &#8212; WordPress
banco-tiempo-miembros,AUTH_REQUIRED,1,includes/modules/banco-tiempo/class-banco-tiempo-module.php,http://localhost:10028/wp-admin/admin.php?page=banco-tiempo-miembros,Miembros &lsaquo; sitio prueba &#8212; WordPress
bares-carta,NO_ACCESS_OR_MISSING,1,includes/modules/bares/class-bares-module.php,http://localhost:10028/wp-admin/admin.php?page=bares-carta,WordPress &rsaquo; Error
bares-locales,AUTH_REQUIRED,3,includes/modules/bares/class-bares-module.php|includes/modules/bares/class-bares-module.php|includes/modules/bares/class-bares-module.php,http://localhost:10028/wp-admin/admin.php?page=bares-locales,Locales &lsaquo; sitio prueba &#8212; WordPress
bares-nuevo,NO_ACCESS_OR_MISSING,1,includes/modules/bares/class-bares-module.php,http://localhost:10028/wp-admin/admin.php?page=bares-nuevo,WordPress &rsaquo; Error
bares-reservas,AUTH_REQUIRED,1,includes/modules/bares/class-bares-module.php,http://localhost:10028/wp-admin/admin.php?page=bares-reservas,Reservas &lsaquo; sitio prueba &#8212; WordPress
bicicletas-estaciones,NO_ACCESS_OR_MISSING,1,includes/modules/bicicletas-compartidas/class-bicicletas-compartidas-module.php,http://localhost:10028/wp-admin/admin.php?page=bicicletas-estaciones,WordPress &rsaquo; Error
bicicletas-flota,NO_ACCESS_OR_MISSING,1,includes/modules/bicicletas-compartidas/class-bicicletas-compartidas-module.php,http://localhost:10028/wp-admin/admin.php?page=bicicletas-flota,WordPress &rsaquo; Error
calendario-asistente-ia,AUTH_REQUIRED,2,addons/flavor-admin-assistant/includes/class-admin-assistant-tools.php|addons/flavor-admin-assistant/includes/class-admin-assistant.php,http://localhost:10028/wp-admin/admin.php?page=calendario-asistente-ia,Asistente IA &lsaquo; sitio prueba &#8212; WordPress
calendario-gestion-tickets,NO_ACCESS_OR_MISSING,12,addons/flavor-admin-assistant/includes/class-admin-shortcuts.php|addons/flavor-admin-assistant/includes/class-admin-shortcuts.php|addons/flavor-admin-assistant/includes/class-admin-shortcuts.php|addons/flavor-admin-assistant/includes/class-admin-assistant-tools.php|addons/flavor-admin-assistant/includes/class-admin-assistant-tools.php,http://localhost:10028/wp-admin/admin.php?page=calendario-gestion-tickets,WordPress &rsaquo; Error
calendario_experiencias,AUTH_REQUIRED,6,addons/flavor-admin-assistant/includes/class-admin-shortcuts.php|addons/flavor-admin-assistant/includes/class-admin-assistant-tools.php|addons/flavor-admin-assistant/includes/class-admin-assistant-tools.php|addons/flavor-admin-assistant/includes/class-admin-assistant.php|addons/flavor-admin-assistant/includes/class-admin-assistant.php,http://localhost:10028/wp-admin/admin.php?page=calendario_experiencias,Experience Calendar &lsaquo; sitio prueba &#8212; WordPress
chat-ia-addon-settings,NO_ACCESS_OR_MISSING,1,addons/flavor-admin-assistant/includes/class-admin-assistant.php,http://localhost:10028/wp-admin/admin.php?page=chat-ia-addon-settings,WordPress &rsaquo; Error
clientes-dashboard,AUTH_REQUIRED,1,includes/modules/clientes/class-clientes-module.php,http://localhost:10028/wp-admin/admin.php?page=clientes-dashboard,Dashboard &lsaquo; sitio prueba &#8212; WordPress
clientes-fichas,AUTH_REQUIRED,1,includes/modules/clientes/class-clientes-module.php,http://localhost:10028/wp-admin/admin.php?page=clientes-fichas,Fichas &lsaquo; sitio prueba &#8212; WordPress
clientes-listado,AUTH_REQUIRED,8,includes/modules/clientes/class-clientes-module.php|includes/modules/clientes/class-clientes-module.php|includes/modules/clientes/class-clientes-module.php|includes/modules/clientes/class-clientes-module.php|includes/modules/clientes/class-clientes-module.php,http://localhost:10028/wp-admin/admin.php?page=clientes-listado,Clientes &lsaquo; sitio prueba &#8212; WordPress
clientes-nuevo,NO_ACCESS_OR_MISSING,1,includes/modules/clientes/class-clientes-module.php,http://localhost:10028/wp-admin/admin.php?page=clientes-nuevo,WordPress &rsaquo; Error
compostaje,NO_ACCESS_OR_MISSING,1,includes/modules/compostaje/views/composteras.php,http://localhost:10028/wp-admin/admin.php?page=compostaje,WordPress &rsaquo; Error
comunidades-listado,AUTH_REQUIRED,5,includes/modules/comunidades/class-comunidades-module.php|includes/modules/comunidades/class-comunidades-module.php|includes/modules/comunidades/class-comunidades-module.php|includes/modules/comunidades/class-comunidades-module.php|includes/modules/comunidades/class-comunidades-module.php,http://localhost:10028/wp-admin/admin.php?page=comunidades-listado,Comunidades &lsaquo; sitio prueba &#8212; WordPress
comunidades-miembros,AUTH_REQUIRED,4,includes/modules/comunidades/class-comunidades-module.php|includes/modules/comunidades/class-comunidades-module.php|includes/modules/comunidades/class-comunidades-module.php|includes/modules/comunidades/class-comunidades-module.php,http://localhost:10028/wp-admin/admin.php?page=comunidades-miembros,Miembros &lsaquo; sitio prueba &#8212; WordPress
dex-solana-dashboard,NO_ACCESS_OR_MISSING,2,includes/modules/dex-solana/class-dex-solana-module.php|includes/modules/dex-solana/class-dex-solana-module.php,http://localhost:10028/wp-admin/admin.php?page=dex-solana-dashboard,WordPress &rsaquo; Error
dex-solana-operaciones,NO_ACCESS_OR_MISSING,3,includes/modules/dex-solana/class-dex-solana-module.php|includes/modules/dex-solana/class-dex-solana-module.php|includes/modules/dex-solana/class-dex-solana-module.php,http://localhost:10028/wp-admin/admin.php?page=dex-solana-operaciones,WordPress &rsaquo; Error
eventos-asistentes,AUTH_REQUIRED,1,includes/modules/eventos/class-eventos-module.php,http://localhost:10028/wp-admin/admin.php?page=eventos-asistentes,Asistentes &lsaquo; sitio prueba &#8212; WordPress
eventos-editar,NO_ACCESS_OR_MISSING,1,includes/modules/eventos/class-eventos-module.php,http://localhost:10028/wp-admin/admin.php?page=eventos-editar,WordPress &rsaquo; Error
eventos-nuevo,AUTH_REQUIRED,3,includes/modules/eventos/class-eventos-module.php|includes/modules/eventos/class-eventos-module.php|includes/modules/eventos/class-eventos-module.php,http://localhost:10028/wp-admin/admin.php?page=eventos-nuevo,Nuevo Evento &lsaquo; sitio prueba &#8212; WordPress
eventos-proximos,AUTH_REQUIRED,1,includes/modules/eventos/class-eventos-module.php,http://localhost:10028/wp-admin/admin.php?page=eventos-proximos,Próximos Eventos &lsaquo; sitio prueba &#8212; WordPress
facturas-dashboard,NO_ACCESS_OR_MISSING,1,includes/modules/facturas/class-facturas-module.php,http://localhost:10028/wp-admin/admin.php?page=facturas-dashboard,WordPress &rsaquo; Error
facturas-listado,NO_ACCESS_OR_MISSING,2,includes/modules/facturas/class-facturas-module.php|includes/modules/facturas/class-facturas-module.php,http://localhost:10028/wp-admin/admin.php?page=facturas-listado,WordPress &rsaquo; Error
facturas-nueva,NO_ACCESS_OR_MISSING,2,includes/modules/facturas/class-facturas-module.php|includes/modules/facturas/class-facturas-module.php,http://localhost:10028/wp-admin/admin.php?page=facturas-nueva,WordPress &rsaquo; Error
fichaje-dashboard,AUTH_REQUIRED,1,includes/modules/fichaje-empleados/class-fichaje-empleados-module.php,http://localhost:10028/wp-admin/admin.php?page=fichaje-dashboard,Dashboard &lsaquo; sitio prueba &#8212; WordPress
fichaje-historial,AUTH_REQUIRED,1,includes/modules/fichaje-empleados/class-fichaje-empleados-module.php,http://localhost:10028/wp-admin/admin.php?page=fichaje-historial,Historial &lsaquo; sitio prueba &#8212; WordPress
fichaje-registros-hoy,AUTH_REQUIRED,1,includes/modules/fichaje-empleados/class-fichaje-empleados-module.php,http://localhost:10028/wp-admin/admin.php?page=fichaje-registros-hoy,Registros de hoy &lsaquo; sitio prueba &#8212; WordPress
flavor-,NO_ACCESS_OR_MISSING,2,admin/class-unified-modules-view.php|includes/modules/trait-dashboard-widget.php,http://localhost:10028/wp-admin/admin.php?page=flavor-,WordPress &rsaquo; Error
flavor-activity-log,AUTH_REQUIRED,3,admin/class-dashboard.php|admin/views/dashboard.php|includes/dashboard/class-unified-dashboard.php,http://localhost:10028/wp-admin/admin.php?page=flavor-activity-log,Registro de Actividad &lsaquo; sitio prueba &#8212; WordPress
flavor-addons,AUTH_REQUIRED,7,includes/class-addon-manager.php|admin/class-dashboard.php|admin/class-addon-admin.php|admin/class-addon-admin.php|admin/class-documentation-admin.php,http://localhost:10028/wp-admin/admin.php?page=flavor-addons,Addons &lsaquo; sitio prueba &#8212; WordPress
flavor-admin-assistant,NO_ACCESS_OR_MISSING,1,addons/flavor-admin-assistant/flavor-admin-assistant.php,http://localhost:10028/wp-admin/admin.php?page=flavor-admin-assistant,WordPress &rsaquo; Error
flavor-advertising,NO_ACCESS_OR_MISSING,1,addons/flavor-advertising-pro/flavor-advertising-pro.php,http://localhost:10028/wp-admin/admin.php?page=flavor-advertising,WordPress &rsaquo; Error
flavor-advertising-advertisers,NO_ACCESS_OR_MISSING,2,addons/flavor-advertising-pro/admin/views/dashboard.php|includes/advertising/views/dashboard.php,http://localhost:10028/wp-admin/admin.php?page=flavor-advertising-advertisers,WordPress &rsaquo; Error
flavor-advertising-create,NO_ACCESS_OR_MISSING,2,addons/flavor-advertising-pro/admin/views/dashboard.php|includes/advertising/views/dashboard.php,http://localhost:10028/wp-admin/admin.php?page=flavor-advertising-create,WordPress &rsaquo; Error
flavor-advertising-dashboard,NO_ACCESS_OR_MISSING,2,addons/flavor-advertising-pro/admin/views/settings.php|includes/advertising/views/settings.php,http://localhost:10028/wp-admin/admin.php?page=flavor-advertising-dashboard,WordPress &rsaquo; Error
flavor-advertising-network,NO_ACCESS_OR_MISSING,2,addons/flavor-advertising-pro/admin/views/dashboard.php|includes/advertising/views/dashboard.php,http://localhost:10028/wp-admin/admin.php?page=flavor-advertising-network,WordPress &rsaquo; Error
flavor-advertising-payments,NO_ACCESS_OR_MISSING,4,addons/flavor-advertising-pro/admin/views/dashboard.php|addons/flavor-advertising-pro/admin/views/payments.php|includes/advertising/views/dashboard.php|includes/advertising/views/payments.php,http://localhost:10028/wp-admin/admin.php?page=flavor-advertising-payments,WordPress &rsaquo; Error
flavor-api-docs,AUTH_REQUIRED,1,admin/class-health-check.php,http://localhost:10028/wp-admin/admin.php?page=flavor-api-docs,API Docs &lsaquo; sitio prueba &#8212; WordPress
flavor-app-composer,AUTH_REQUIRED,20,admin/class-dashboard.php|admin/class-documentation-admin.php|admin/class-documentation-admin.php|dev-scripts/verificar-network.php|dev-scripts/poblar-sistema-completo.php,http://localhost:10028/wp-admin/admin.php?page=flavor-app-composer,Compositor &amp; Módulos &lsaquo; sitio prueba &#8212; WordPress
flavor-ayuda-vecinal,NO_ACCESS_OR_MISSING,1,includes/modules/ayuda-vecinal/views/voluntarios.php,http://localhost:10028/wp-admin/admin.php?page=flavor-ayuda-vecinal,WordPress &rsaquo; Error
flavor-bicicletas-bicicletas,NO_ACCESS_OR_MISSING,4,includes/modules/bicicletas-compartidas/views/bicicletas.php|includes/modules/bicicletas-compartidas/views/bicicletas.php|includes/modules/bicicletas-compartidas/views/bicicletas.php|includes/modules/bicicletas-compartidas/views/dashboard.php,http://localhost:10028/wp-admin/admin.php?page=flavor-bicicletas-bicicletas,WordPress &rsaquo; Error
flavor-bicicletas-estaciones,AUTH_REQUIRED,6,includes/modules/bicicletas-compartidas/class-bicicletas-compartidas-module.php|includes/modules/bicicletas-compartidas/views/dashboard.php|includes/modules/bicicletas-compartidas/views/dashboard.php|includes/modules/bicicletas-compartidas/views/estaciones.php|includes/modules/bicicletas-compartidas/views/estaciones.php,http://localhost:10028/wp-admin/admin.php?page=flavor-bicicletas-estaciones,Estaciones &lsaquo; sitio prueba &#8212; WordPress
flavor-bicicletas-flota,AUTH_REQUIRED,2,includes/modules/bicicletas-compartidas/class-bicicletas-compartidas-module.php|includes/modules/bicicletas-compartidas/class-bicicletas-compartidas-module.php,http://localhost:10028/wp-admin/admin.php?page=flavor-bicicletas-flota,Flota &lsaquo; sitio prueba &#8212; WordPress
flavor-bicicletas-mantenimiento,NO_ACCESS_OR_MISSING,6,includes/modules/bicicletas-compartidas/views/bicicletas.php|includes/modules/bicicletas-compartidas/views/dashboard.php|includes/modules/bicicletas-compartidas/views/mantenimiento.php|includes/modules/bicicletas-compartidas/views/mantenimiento.php|includes/modules/bicicletas-compartidas/views/mantenimiento.php,http://localhost:10028/wp-admin/admin.php?page=flavor-bicicletas-mantenimiento,WordPress &rsaquo; Error
flavor-bicicletas-prestamos,AUTH_REQUIRED,2,includes/modules/bicicletas-compartidas/class-bicicletas-compartidas-module.php|includes/modules/bicicletas-compartidas/class-bicicletas-compartidas-module.php,http://localhost:10028/wp-admin/admin.php?page=flavor-bicicletas-prestamos,Préstamos Activos &lsaquo; sitio prueba &#8212; WordPress
flavor-bicicletas-uso,NO_ACCESS_OR_MISSING,1,includes/modules/bicicletas-compartidas/views/dashboard.php,http://localhost:10028/wp-admin/admin.php?page=flavor-bicicletas-uso,WordPress &rsaquo; Error
flavor-bt-settings,NO_ACCESS_OR_MISSING,1,admin/class-unified-modules-view.php,http://localhost:10028/wp-admin/admin.php?page=flavor-bt-settings,WordPress &rsaquo; Error
flavor-carpooling-conductores,NO_ACCESS_OR_MISSING,6,includes/modules/carpooling/views/dashboard.php|includes/modules/carpooling/views/dashboard.php|includes/modules/carpooling/views/conductores.php|includes/modules/carpooling/views/conductores.php|includes/modules/carpooling/views/conductores.php,http://localhost:10028/wp-admin/admin.php?page=flavor-carpooling-conductores,WordPress &rsaquo; Error
flavor-carpooling-reservas,NO_ACCESS_OR_MISSING,5,includes/modules/carpooling/views/dashboard.php|includes/modules/carpooling/views/viajes.php|includes/modules/carpooling/views/reservas.php|includes/modules/carpooling/views/reservas.php|includes/modules/carpooling/views/reservas.php,http://localhost:10028/wp-admin/admin.php?page=flavor-carpooling-reservas,WordPress &rsaquo; Error
flavor-carpooling-viajes,NO_ACCESS_OR_MISSING,6,includes/modules/carpooling/views/dashboard.php|includes/modules/carpooling/views/viajes.php|includes/modules/carpooling/views/viajes.php|includes/modules/carpooling/views/viajes.php|includes/modules/carpooling/views/viajes.php,http://localhost:10028/wp-admin/admin.php?page=flavor-carpooling-viajes,WordPress &rsaquo; Error
flavor-chat-biblioteca,NO_ACCESS_OR_MISSING,3,includes/modules/biblioteca/views/libros.php|includes/modules/biblioteca/views/libros.php|includes/modules/biblioteca/views/libros.php,http://localhost:10028/wp-admin/admin.php?page=flavor-chat-biblioteca,WordPress &rsaquo; Error
flavor-chat-config,AUTH_REQUIRED,8,admin/class-dashboard.php|admin/class-documentation-admin.php|includes/core/class-chat-antispam.php|includes/dashboard/class-dashboard-manager.php|includes/dashboard/class-dashboard-manager.php,http://localhost:10028/wp-admin/admin.php?page=flavor-chat-config,Configuración IA &lsaquo; sitio prueba &#8212; WordPress
flavor-chat-cursos,NO_ACCESS_OR_MISSING,1,includes/modules/cursos/views/cursos.php,http://localhost:10028/wp-admin/admin.php?page=flavor-chat-cursos,WordPress &rsaquo; Error
flavor-chat-ia,AUTH_REQUIRED,1,includes/visual-builder-pro/views/editor-fullscreen.php,http://localhost:10028/wp-admin/admin.php?page=flavor-chat-ia,Flavor Platform &lsaquo; sitio prueba &#8212; WordPress
flavor-chat-ia-escalations,AUTH_REQUIRED,2,includes/core/class-chat-escalation.php|includes/dashboard/class-dashboard-manager.php,http://localhost:10028/wp-admin/admin.php?page=flavor-chat-ia-escalations,Escalados &lsaquo; sitio prueba &#8212; WordPress
flavor-chat-interno-conversaciones,AUTH_REQUIRED,2,includes/modules/chat-interno/class-chat-interno-module.php|includes/modules/chat-interno/class-chat-interno-module.php,http://localhost:10028/wp-admin/admin.php?page=flavor-chat-interno-conversaciones,Conversaciones &lsaquo; sitio prueba &#8212; WordPress
flavor-chat-podcast,NO_ACCESS_OR_MISSING,2,includes/modules/podcast/views/series.php|includes/modules/podcast/views/series.php,http://localhost:10028/wp-admin/admin.php?page=flavor-chat-podcast,WordPress &rsaquo; Error
flavor-chat-podcast-episodios,NO_ACCESS_OR_MISSING,1,includes/modules/podcast/views/episodios.php,http://localhost:10028/wp-admin/admin.php?page=flavor-chat-podcast-episodios,WordPress &rsaquo; Error
flavor-chat-talleres,NO_ACCESS_OR_MISSING,1,includes/modules/talleres/views/talleres.php,http://localhost:10028/wp-admin/admin.php?page=flavor-chat-talleres,WordPress &rsaquo; Error
flavor-compostaje-composteras,AUTH_REQUIRED,2,includes/modules/compostaje/class-compostaje-module.php|includes/modules/compostaje/views/dashboard.php,http://localhost:10028/wp-admin/admin.php?page=flavor-compostaje-composteras,Composteras &lsaquo; sitio prueba &#8212; WordPress
flavor-compostaje-mantenimiento,NO_ACCESS_OR_MISSING,1,includes/modules/compostaje/views/dashboard.php,http://localhost:10028/wp-admin/admin.php?page=flavor-compostaje-mantenimiento,WordPress &rsaquo; Error
flavor-contact-messages,NO_ACCESS_OR_MISSING,1,includes/layouts/class-layout-forms.php,http://localhost:10028/wp-admin/admin.php?page=flavor-contact-messages,WordPress &rsaquo; Error
flavor-dashboard,AUTH_REQUIRED,3,admin/class-setup-wizard.php|admin/class-setup-wizard.php|admin/class-documentation-admin.php,http://localhost:10028/wp-admin/admin.php?page=flavor-dashboard,Dashboard &lsaquo; sitio prueba &#8212; WordPress
flavor-deep-links,AUTH_REQUIRED,1,includes/app-integration/class-app-config-admin.php,http://localhost:10028/wp-admin/admin.php?page=flavor-deep-links,Deep Links &lsaquo; sitio prueba &#8212; WordPress
flavor-design-settings,AUTH_REQUIRED,1,admin/class-documentation-admin.php,http://localhost:10028/wp-admin/admin.php?page=flavor-design-settings,Diseño y Apariencia &lsaquo; sitio prueba &#8212; WordPress
flavor-docs,NO_ACCESS_OR_MISSING,2,admin/class-guided-tours.php|admin/views/tours-panel.php,http://localhost:10028/wp-admin/admin.php?page=flavor-docs,WordPress &rsaquo; Error
flavor-ec-settings,NO_ACCESS_OR_MISSING,1,admin/class-unified-modules-view.php,http://localhost:10028/wp-admin/admin.php?page=flavor-ec-settings,WordPress &rsaquo; Error
flavor-em-automatizaciones,NO_ACCESS_OR_MISSING,9,includes/modules/email-marketing/views/automatizaciones.php|includes/modules/email-marketing/views/automatizaciones.php|includes/modules/email-marketing/views/automatizaciones.php|includes/modules/email-marketing/views/automatizaciones.php|includes/modules/email-marketing/views/automatizaciones.php,http://localhost:10028/wp-admin/admin.php?page=flavor-em-automatizaciones,WordPress &rsaquo; Error
flavor-em-campanias,NO_ACCESS_OR_MISSING,12,includes/modules/email-marketing/views/dashboard.php|includes/modules/email-marketing/views/dashboard.php|includes/modules/email-marketing/views/dashboard.php|includes/modules/email-marketing/views/campanias.php|includes/modules/email-marketing/views/campanias.php,http://localhost:10028/wp-admin/admin.php?page=flavor-em-campanias,WordPress &rsaquo; Error
flavor-em-estadisticas,NO_ACCESS_OR_MISSING,2,includes/modules/email-marketing/views/campanias.php|includes/modules/email-marketing/views/estadisticas.php,http://localhost:10028/wp-admin/admin.php?page=flavor-em-estadisticas,WordPress &rsaquo; Error
flavor-em-suscriptores,NO_ACCESS_OR_MISSING,4,includes/modules/email-marketing/views/listas.php|includes/modules/email-marketing/views/dashboard.php|includes/modules/email-marketing/views/suscriptores.php|includes/modules/email-marketing/assets/js/em-admin.js,http://localhost:10028/wp-admin/admin.php?page=flavor-em-suscriptores,WordPress &rsaquo; Error
flavor-email-marketing,NO_ACCESS_OR_MISSING,1,includes/modules/email-marketing/class-email-marketing-module.php,http://localhost:10028/wp-admin/admin.php?page=flavor-email-marketing,WordPress &rsaquo; Error
flavor-empresarial-contratos,AUTH_REQUIRED,5,includes/modules/empresarial/views/admin-dashboard.php|includes/modules/empresarial/views/admin-contratos.php|includes/modules/empresarial/views/admin-contratos.php|includes/modules/empresarial/views/admin-contratos.php|includes/modules/empresarial/views/admin-contratos.php,http://localhost:10028/wp-admin/admin.php?page=flavor-empresarial-contratos,Contratos &lsaquo; sitio prueba &#8212; WordPress
flavor-empresarial-empresas,AUTH_REQUIRED,1,includes/modules/empresarial/views/admin-dashboard.php,http://localhost:10028/wp-admin/admin.php?page=flavor-empresarial-empresas,Empresas &lsaquo; sitio prueba &#8212; WordPress
flavor-eventos,NO_ACCESS_OR_MISSING,3,admin/class-dashboard.php|admin/class-dashboard.php|includes/dashboard/class-unified-dashboard.php,http://localhost:10028/wp-admin/admin.php?page=flavor-eventos,WordPress &rsaquo; Error
flavor-eventos-settings,NO_ACCESS_OR_MISSING,1,admin/class-unified-modules-view.php,http://localhost:10028/wp-admin/admin.php?page=flavor-eventos-settings,WordPress &rsaquo; Error
flavor-export-import,AUTH_REQUIRED,1,admin/class-dashboard.php,http://localhost:10028/wp-admin/admin.php?page=flavor-export-import,Exportar / Importar &lsaquo; sitio prueba &#8212; WordPress
flavor-foros-dashboard,NO_ACCESS_OR_MISSING,1,includes/modules/foros/class-foros-module.php,http://localhost:10028/wp-admin/admin.php?page=flavor-foros-dashboard,WordPress &rsaquo; Error
flavor-foros-listado,NO_ACCESS_OR_MISSING,2,includes/modules/foros/class-foros-module.php|includes/modules/foros/class-foros-module.php,http://localhost:10028/wp-admin/admin.php?page=flavor-foros-listado,WordPress &rsaquo; Error
flavor-gc-settings,NO_ACCESS_OR_MISSING,1,admin/class-unified-modules-view.php,http://localhost:10028/wp-admin/admin.php?page=flavor-gc-settings,WordPress &rsaquo; Error
flavor-gestion,AUTH_REQUIRED,1,admin/limpiar-cache.php,http://localhost:10028/wp-admin/admin.php?page=flavor-gestion,Dashboard &lsaquo; sitio prueba &#8212; WordPress
flavor-grupos-consumo,NO_ACCESS_OR_MISSING,3,admin/class-dashboard.php|admin/class-dashboard.php|admin/class-dashboard.php,http://localhost:10028/wp-admin/admin.php?page=flavor-grupos-consumo,WordPress &rsaquo; Error
flavor-health-check,AUTH_REQUIRED,4,admin/class-documentation-admin.php|admin/class-documentation-admin.php|admin/views/dashboard.php|includes/dashboard/class-unified-dashboard.php,http://localhost:10028/wp-admin/admin.php?page=flavor-health-check,Diagnóstico &lsaquo; sitio prueba &#8212; WordPress
flavor-incidencias,NO_ACCESS_OR_MISSING,1,admin/class-dashboard.php,http://localhost:10028/wp-admin/admin.php?page=flavor-incidencias,WordPress &rsaquo; Error
flavor-incidencias-tickets,NO_ACCESS_OR_MISSING,5,includes/modules/incidencias/views/tickets.php|includes/modules/incidencias/views/tickets.php|includes/modules/incidencias/views/tickets.php|includes/modules/incidencias/views/categorias.php|includes/modules/incidencias/views/dashboard.php,http://localhost:10028/wp-admin/admin.php?page=flavor-incidencias-tickets,WordPress &rsaquo; Error
flavor-landing-editor,AUTH_REQUIRED,5,includes/editor/class-landing-editor.php|includes/editor/class-landing-editor.php|includes/editor/class-landing-editor.php|includes/editor/class-landing-editor.php|includes/editor/class-landing-editor.php,http://localhost:10028/wp-admin/admin.php?page=flavor-landing-editor,Editor Visual &lsaquo; sitio prueba &#8212; WordPress
flavor-multimedia,NO_ACCESS_OR_MISSING,4,includes/modules/multimedia/views/moderacion.php|includes/modules/multimedia/views/categorias.php|includes/modules/multimedia/views/dashboard.php|includes/modules/multimedia/views/albumes.php,http://localhost:10028/wp-admin/admin.php?page=flavor-multimedia,WordPress &rsaquo; Error
flavor-network,AUTH_REQUIRED,20,dev-scripts/verificar-network.php|dev-scripts/debug-network.php|dev-scripts/debug-network.php|addons/flavor-network-communities/flavor-network-communities.php|addons/flavor-network-communities/includes/class-network-admin.php,http://localhost:10028/wp-admin/admin.php?page=flavor-network,Red de Nodos &lsaquo; sitio prueba &#8212; WordPress
flavor-network-content,NO_ACCESS_OR_MISSING,2,admin/views/dashboard.php|admin/views/dashboard.php,http://localhost:10028/wp-admin/admin.php?page=flavor-network-content,WordPress &rsaquo; Error
flavor-network-directory,NO_ACCESS_OR_MISSING,1,admin/views/dashboard.php,http://localhost:10028/wp-admin/admin.php?page=flavor-network-directory,WordPress &rsaquo; Error
flavor-network-settings,NO_ACCESS_OR_MISSING,3,admin/views/dashboard.php|includes/network/class-network-dashboard-widget.php|includes/dashboard/class-unified-dashboard.php,http://localhost:10028/wp-admin/admin.php?page=flavor-network-settings,WordPress &rsaquo; Error
flavor-newsletter,AUTH_REQUIRED,3,admin/class-newsletter-admin.php|admin/class-newsletter-admin.php|admin/views/newsletter-editor.php,http://localhost:10028/wp-admin/admin.php?page=flavor-newsletter,Newsletter &lsaquo; sitio prueba &#8212; WordPress
flavor-newsletter-editor,AUTH_REQUIRED,3,admin/class-newsletter-admin.php|admin/class-newsletter-admin.php|admin/views/newsletter-editor.php,http://localhost:10028/wp-admin/admin.php?page=flavor-newsletter-editor,&lsaquo; sitio prueba &#8212; WordPress
flavor-parkings-calendario,NO_ACCESS_OR_MISSING,1,includes/modules/parkings/views/dashboard.php,http://localhost:10028/wp-admin/admin.php?page=flavor-parkings-calendario,WordPress &rsaquo; Error
flavor-parkings-plazas,AUTH_REQUIRED,13,includes/modules/parkings/class-parkings-module.php|includes/modules/parkings/class-parkings-module.php|includes/modules/parkings/class-parkings-module.php|includes/modules/parkings/class-parkings-module.php|includes/modules/parkings/class-parkings-module.php,http://localhost:10028/wp-admin/admin.php?page=flavor-parkings-plazas,Plazas &lsaquo; sitio prueba &#8212; WordPress
flavor-parkings-propietarios,NO_ACCESS_OR_MISSING,3,includes/modules/parkings/views/propietarios.php|includes/modules/parkings/views/dashboard.php|includes/modules/parkings/views/dashboard.php,http://localhost:10028/wp-admin/admin.php?page=flavor-parkings-propietarios,WordPress &rsaquo; Error
flavor-parkings-reservas,NO_ACCESS_OR_MISSING,4,includes/modules/parkings/views/plazas.php|includes/modules/parkings/views/dashboard.php|includes/modules/parkings/views/reservas.php|includes/modules/parkings/views/reservas.php,http://localhost:10028/wp-admin/admin.php?page=flavor-parkings-reservas,WordPress &rsaquo; Error
flavor-radio,NO_ACCESS_OR_MISSING,5,includes/modules/radio/views/dashboard.php|includes/modules/radio/views/dashboard.php|includes/modules/radio/views/programas.php|includes/modules/radio/views/locutores.php|includes/modules/radio/views/programacion.php,http://localhost:10028/wp-admin/admin.php?page=flavor-radio,WordPress &rsaquo; Error
flavor-reciclaje-estadisticas,NO_ACCESS_OR_MISSING,2,includes/modules/reciclaje/views/materiales.php|includes/modules/reciclaje/views/estadisticas.php,http://localhost:10028/wp-admin/admin.php?page=flavor-reciclaje-estadisticas,WordPress &rsaquo; Error
flavor-reciclaje-puntos,NO_ACCESS_OR_MISSING,4,includes/modules/reciclaje/views/dashboard.php|includes/modules/reciclaje/views/puntos.php|includes/modules/reciclaje/views/puntos.php|includes/modules/reciclaje/views/puntos.php,http://localhost:10028/wp-admin/admin.php?page=flavor-reciclaje-puntos,WordPress &rsaquo; Error
flavor-reciclaje-settings,NO_ACCESS_OR_MISSING,1,admin/class-unified-modules-view.php,http://localhost:10028/wp-admin/admin.php?page=flavor-reciclaje-settings,WordPress &rsaquo; Error
flavor-red-social-dashboard,NO_ACCESS_OR_MISSING,1,includes/modules/red-social/class-red-social-module.php,http://localhost:10028/wp-admin/admin.php?page=flavor-red-social-dashboard,WordPress &rsaquo; Error
flavor-red-social-moderacion,NO_ACCESS_OR_MISSING,1,includes/modules/red-social/class-red-social-module.php,http://localhost:10028/wp-admin/admin.php?page=flavor-red-social-moderacion,WordPress &rsaquo; Error
flavor-red-social-publicaciones,NO_ACCESS_OR_MISSING,1,includes/modules/red-social/class-red-social-module.php,http://localhost:10028/wp-admin/admin.php?page=flavor-red-social-publicaciones,WordPress &rsaquo; Error
flavor-restaurant-settings,AUTH_REQUIRED,1,addons/flavor-restaurant-ordering/flavor-restaurant-ordering.php,http://localhost:10028/wp-admin/admin.php?page=flavor-restaurant-settings,Configuración de Restaurante &lsaquo; sitio prueba &#8212; WordPress
flavor-sello-conciencia,NO_ACCESS_OR_MISSING,1,includes/modules/sello-conciencia/class-sello-conciencia-widget.php,http://localhost:10028/wp-admin/admin.php?page=flavor-sello-conciencia,WordPress &rsaquo; Error
flavor-settings,NO_ACCESS_OR_MISSING,1,includes/class-notification-center.php,http://localhost:10028/wp-admin/admin.php?page=flavor-settings,WordPress &rsaquo; Error
flavor-setup-wizard,AUTH_REQUIRED,1,admin/class-setup-wizard.php,http://localhost:10028/wp-admin/admin.php?page=flavor-setup-wizard,&lsaquo; sitio prueba &#8212; WordPress
flavor-socios,NO_ACCESS_OR_MISSING,2,admin/class-dashboard.php|admin/class-dashboard.php,http://localhost:10028/wp-admin/admin.php?page=flavor-socios,WordPress &rsaquo; Error
flavor-tours,AUTH_REQUIRED,1,admin/class-guided-tours.php,http://localhost:10028/wp-admin/admin.php?page=flavor-tours,Tours Guiados &lsaquo; sitio prueba &#8212; WordPress
flavor-tramites-solicitudes,NO_ACCESS_OR_MISSING,2,includes/modules/tramites/views/solicitudes.php|includes/modules/tramites/views/solicitudes.php,http://localhost:10028/wp-admin/admin.php?page=flavor-tramites-solicitudes,WordPress &rsaquo; Error
flavor-unified-dashboard,AUTH_REQUIRED,4,admin/class-admin-menu-manager.php|dev-scripts/crear-tablas-red-social.php|dev-scripts/popular-datos-automatico.php|dev-scripts/popular-datos-simple.php,http://localhost:10028/wp-admin/admin.php?page=flavor-unified-dashboard,Dashboard Unificado &lsaquo; sitio prueba &#8212; WordPress
flavor-woocommerce-pedidos,AUTH_REQUIRED,2,includes/modules/woocommerce/class-woocommerce-module.php|includes/modules/woocommerce/views/pedidos.php,http://localhost:10028/wp-admin/admin.php?page=flavor-woocommerce-pedidos,Pedidos &lsaquo; sitio prueba &#8212; WordPress
flavor-woocommerce-productos,AUTH_REQUIRED,1,includes/modules/woocommerce/views/productos.php,http://localhost:10028/wp-admin/admin.php?page=flavor-woocommerce-productos,Productos &lsaquo; sitio prueba &#8212; WordPress
gc-consolidado,AUTH_REQUIRED,2,includes/modules/grupos-consumo/class-gc-notification-channels.php|includes/modules/grupos-consumo/views/reportes.php,http://localhost:10028/wp-admin/admin.php?page=gc-consolidado,Consolidado &lsaquo; sitio prueba &#8212; WordPress
gc-consumidores,AUTH_REQUIRED,4,includes/modules/grupos-consumo/class-grupos-consumo-module.php|includes/modules/grupos-consumo/views/consumidores.php|includes/modules/grupos-consumo/views/consumidores.php|includes/modules/grupos-consumo/views/consumidores.php,http://localhost:10028/wp-admin/admin.php?page=gc-consumidores,Consumidores &lsaquo; sitio prueba &#8212; WordPress
gc-dashboard,AUTH_REQUIRED,1,admin/limpiar-cache.php,http://localhost:10028/wp-admin/admin.php?page=gc-dashboard,Dashboard &lsaquo; sitio prueba &#8212; WordPress
gc-pedidos,AUTH_REQUIRED,2,includes/modules/grupos-consumo/class-grupos-consumo-module.php|includes/modules/grupos-consumo/views/consumidores.php,http://localhost:10028/wp-admin/admin.php?page=gc-pedidos,Pedidos &lsaquo; sitio prueba &#8212; WordPress
gc-solicitudes,AUTH_REQUIRED,2,includes/modules/grupos-consumo/class-gc-membership.php|includes/modules/grupos-consumo/views/solicitudes.php,http://localhost:10028/wp-admin/admin.php?page=gc-solicitudes,Solicitudes de Union &lsaquo; sitio prueba &#8212; WordPress
gc-suscripciones,AUTH_REQUIRED,1,includes/modules/grupos-consumo/views/suscripciones.php,http://localhost:10028/wp-admin/admin.php?page=gc-suscripciones,Suscripciones &lsaquo; sitio prueba &#8212; WordPress
huertos-lista-espera,AUTH_REQUIRED,1,includes/modules/huertos-urbanos/class-huertos-urbanos-module.php,http://localhost:10028/wp-admin/admin.php?page=huertos-lista-espera,Lista de Espera &lsaquo; sitio prueba &#8212; WordPress
huertos-parcelas,AUTH_REQUIRED,3,includes/modules/huertos-urbanos/class-huertos-urbanos-module.php|includes/modules/huertos-urbanos/class-huertos-urbanos-module.php|includes/modules/huertos-urbanos/class-huertos-urbanos-module.php,http://localhost:10028/wp-admin/admin.php?page=huertos-parcelas,Parcelas &lsaquo; sitio prueba &#8212; WordPress
incidencias-abiertas,AUTH_REQUIRED,2,includes/modules/incidencias/class-incidencias-module.php|includes/modules/incidencias/class-incidencias-module.php,http://localhost:10028/wp-admin/admin.php?page=incidencias-abiertas,Abiertas &lsaquo; sitio prueba &#8212; WordPress
incidencias-mapa,AUTH_REQUIRED,2,includes/modules/incidencias/class-incidencias-module.php|includes/modules/incidencias/class-incidencias-module.php,http://localhost:10028/wp-admin/admin.php?page=incidencias-mapa,Mapa &lsaquo; sitio prueba &#8212; WordPress
incidencias-todas,AUTH_REQUIRED,1,includes/modules/incidencias/class-incidencias-module.php,http://localhost:10028/wp-admin/admin.php?page=incidencias-todas,Todas &lsaquo; sitio prueba &#8212; WordPress
participacion-debates,AUTH_REQUIRED,2,includes/modules/participacion/class-participacion-module.php|includes/modules/participacion/class-participacion-module.php,http://localhost:10028/wp-admin/admin.php?page=participacion-debates,Debates &lsaquo; sitio prueba &#8212; WordPress
participacion-propuestas,AUTH_REQUIRED,3,includes/modules/participacion/class-participacion-module.php|includes/modules/participacion/class-participacion-module.php|includes/modules/participacion/class-participacion-module.php,http://localhost:10028/wp-admin/admin.php?page=participacion-propuestas,Propuestas &lsaquo; sitio prueba &#8212; WordPress
participacion-votaciones,AUTH_REQUIRED,2,includes/modules/participacion/class-participacion-module.php|includes/modules/participacion/class-participacion-module.php,http://localhost:10028/wp-admin/admin.php?page=participacion-votaciones,Votaciones &lsaquo; sitio prueba &#8212; WordPress
pp-propuestas,AUTH_REQUIRED,5,includes/modules/presupuestos-participativos/class-presupuestos-participativos-module.php|includes/modules/presupuestos-participativos/class-presupuestos-participativos-module.php|includes/modules/presupuestos-participativos/class-presupuestos-participativos-module.php|includes/modules/presupuestos-participativos/class-presupuestos-participativos-module.php|includes/modules/presupuestos-participativos/class-presupuestos-participativos-module.php,http://localhost:10028/wp-admin/admin.php?page=pp-propuestas,Propuestas &lsaquo; sitio prueba &#8212; WordPress
reciclaje,NO_ACCESS_OR_MISSING,1,includes/modules/reciclaje/class-reciclaje-module.php,http://localhost:10028/wp-admin/admin.php?page=reciclaje,WordPress &rsaquo; Error
reciclaje-campanas,AUTH_REQUIRED,1,includes/modules/reciclaje/class-reciclaje-module.php,http://localhost:10028/wp-admin/admin.php?page=reciclaje-campanas,Campañas &lsaquo; sitio prueba &#8212; WordPress
reciclaje-estadisticas,AUTH_REQUIRED,1,includes/modules/reciclaje/class-reciclaje-module.php,http://localhost:10028/wp-admin/admin.php?page=reciclaje-estadisticas,Statistics &lsaquo; sitio prueba &#8212; WordPress
reciclaje-puntos,AUTH_REQUIRED,3,includes/modules/reciclaje/class-reciclaje-module.php|includes/modules/reciclaje/class-reciclaje-module.php|includes/modules/reciclaje/class-reciclaje-module.php,http://localhost:10028/wp-admin/admin.php?page=reciclaje-puntos,Puntos de Reciclaje &lsaquo; sitio prueba &#8212; WordPress
reservas-calendario,AUTH_REQUIRED,1,includes/modules/reservas/class-reservas-module.php,http://localhost:10028/wp-admin/admin.php?page=reservas-calendario,Calendario &lsaquo; sitio prueba &#8212; WordPress
reservas-config,AUTH_REQUIRED,1,includes/modules/reservas/class-reservas-module.php,http://localhost:10028/wp-admin/admin.php?page=reservas-config,Settings &lsaquo; sitio prueba &#8212; WordPress
reservas-listado,AUTH_REQUIRED,1,includes/modules/reservas/class-reservas-module.php,http://localhost:10028/wp-admin/admin.php?page=reservas-listado,Todas las Reservas &lsaquo; sitio prueba &#8212; WordPress
reservas-nueva,AUTH_REQUIRED,2,includes/modules/reservas/class-reservas-module.php|includes/modules/reservas/class-reservas-module.php,http://localhost:10028/wp-admin/admin.php?page=reservas-nueva,Nueva Reserva &lsaquo; sitio prueba &#8212; WordPress
socios-altas-bajas,AUTH_REQUIRED,2,includes/modules/socios/class-socios-module.php|includes/modules/socios/class-socios-module.php,http://localhost:10028/wp-admin/admin.php?page=socios-altas-bajas,Altas/Bajas &lsaquo; sitio prueba &#8212; WordPress
socios-cuotas,AUTH_REQUIRED,1,includes/modules/socios/class-socios-module.php,http://localhost:10028/wp-admin/admin.php?page=socios-cuotas,Cuotas &lsaquo; sitio prueba &#8212; WordPress
socios-listado,AUTH_REQUIRED,1,includes/modules/socios/class-socios-module.php,http://localhost:10028/wp-admin/admin.php?page=socios-listado,Listado de Socios &lsaquo; sitio prueba &#8212; WordPress
talleres-activos,AUTH_REQUIRED,3,includes/modules/talleres/class-talleres-module.php|includes/modules/talleres/class-talleres-module.php|includes/modules/talleres/class-talleres-module.php,http://localhost:10028/wp-admin/admin.php?page=talleres-activos,Talleres Activos &lsaquo; sitio prueba &#8212; WordPress
talleres-inscripciones,AUTH_REQUIRED,1,includes/modules/talleres/class-talleres-module.php,http://localhost:10028/wp-admin/admin.php?page=talleres-inscripciones,Inscripciones &lsaquo; sitio prueba &#8212; WordPress
themacle-dashboard,AUTH_REQUIRED,2,includes/modules/themacle/class-themacle-module.php|includes/modules/themacle/class-themacle-module.php,http://localhost:10028/wp-admin/admin.php?page=themacle-dashboard,Dashboard &lsaquo; sitio prueba &#8212; WordPress
tramites-historial,AUTH_REQUIRED,1,includes/modules/tramites/class-tramites-module.php,http://localhost:10028/wp-admin/admin.php?page=tramites-historial,Historial &lsaquo; sitio prueba &#8212; WordPress
tramites-pendientes,AUTH_REQUIRED,2,includes/modules/tramites/class-tramites-module.php|includes/modules/tramites/class-tramites-module.php,http://localhost:10028/wp-admin/admin.php?page=tramites-pendientes,Pendientes &lsaquo; sitio prueba &#8212; WordPress
tramites-tipos,AUTH_REQUIRED,2,includes/modules/tramites/class-tramites-module.php|includes/modules/tramites/class-tramites-module.php,http://localhost:10028/wp-admin/admin.php?page=tramites-tipos,Tipos de Trámite &lsaquo; sitio prueba &#8212; WordPress
transparencia,NO_ACCESS_OR_MISSING,1,includes/modules/transparencia/class-transparencia-module.php,http://localhost:10028/wp-admin/admin.php?page=transparencia,WordPress &rsaquo; Error
